Team,Season,FG%,3P%,2P%,FT%,PTS
Milwaukee Bucks*,2018-2019,0.476,0.353,0.565,0.773,118.1
Golden State Warriors*,2018-2019,0.491,0.385,0.557,0.801,117.7
New Orleans Pelicans,2018-2019,0.473,0.344,0.536,0.761,115.4
Philadelphia 76ers*,2018-2019,0.471,0.359,0.529,0.771,115.2
Los Angeles Clippers*,2018-2019,0.471,0.388,0.507,0.792,115.1
Portland Trail Blazers*,2018-2019,0.467,0.359,0.523,0.814,114.7
Oklahoma City Thunder*,2018-2019,0.454,0.348,0.51,0.713,114.5
Toronto Raptors*,2018-2019,0.474,0.366,0.539,0.804,114.4
Sacramento Kings,2018-2019,0.464,0.378,0.504,0.726,114.2
Washington Wizards,2018-2019,0.468,0.341,0.543,0.768,114
Houston Rockets*,2018-2019,0.449,0.356,0.551,0.791,113.9
Atlanta Hawks,2018-2019,0.451,0.352,0.518,0.752,113.3
Minnesota Timberwolves,2018-2019,0.456,0.351,0.504,0.787,112.5
Boston Celtics*,2018-2019,0.465,0.365,0.527,0.802,112.4
Brooklyn Nets*,2018-2019,0.449,0.353,0.513,0.745,112.2
Los Angeles Lakers,2018-2019,0.47,0.333,0.541,0.699,111.8
Utah Jazz*,2018-2019,0.468,0.356,0.541,0.736,111.7
San Antonio Spurs*,2018-2019,0.478,0.392,0.513,0.819,111.7
Charlotte Hornets,2018-2019,0.448,0.351,0.507,0.797,110.7
Denver Nuggets*,2018-2019,0.466,0.351,0.527,0.755,110.7
Dallas Mavericks,2018-2019,0.447,0.34,0.524,0.742,108.9
Indiana Pacers*,2018-2019,0.475,0.374,0.517,0.752,108
Phoenix Suns,2018-2019,0.459,0.329,0.525,0.779,107.5
Orlando Magic*,2018-2019,0.454,0.356,0.509,0.782,107.3
Detroit Pistons*,2018-2019,0.44,0.348,0.5,0.747,107
Miami Heat,2018-2019,0.45,0.349,0.509,0.695,105.7
Chicago Bulls,2018-2019,0.453,0.351,0.496,0.783,104.9
New York Knicks,2018-2019,0.433,0.34,0.479,0.759,104.6
Cleveland Cavaliers,2018-2019,0.444,0.355,0.488,0.792,104.5
Memphis Grizzlies,2018-2019,0.45,0.342,0.505,0.772,103.5
League Average,2018-2019,0.461,0.355,0.52,0.766,111.2
Golden State Warriors*,2017-2018,0.503,0.391,0.56,0.815,113.5
Houston Rockets*,2017-2018,0.46,0.362,0.558,0.781,112.4
New Orleans Pelicans*,2017-2018,0.483,0.362,0.54,0.772,111.7
Toronto Raptors*,2017-2018,0.472,0.358,0.541,0.794,111.7
Cleveland Cavaliers*,2017-2018,0.476,0.372,0.54,0.779,110.9
Denver Nuggets,2017-2018,0.47,0.371,0.525,0.767,110
Philadelphia 76ers*,2017-2018,0.472,0.369,0.526,0.752,109.8
Minnesota Timberwolves*,2017-2018,0.476,0.357,0.519,0.804,109.5
Los Angeles Clippers,2017-2018,0.471,0.354,0.525,0.743,109
Charlotte Hornets,2017-2018,0.45,0.369,0.487,0.747,108.2
Los Angeles Lakers,2017-2018,0.461,0.345,0.517,0.714,108.1
Oklahoma City Thunder*,2017-2018,0.453,0.354,0.505,0.716,107.9
Washington Wizards*,2017-2018,0.467,0.375,0.508,0.772,106.6
Brooklyn Nets,2017-2018,0.441,0.356,0.5,0.772,106.6
Milwaukee Bucks*,2017-2018,0.478,0.355,0.531,0.783,106.5
Portland Trail Blazers*,2017-2018,0.452,0.366,0.493,0.8,105.6
Indiana Pacers*,2017-2018,0.472,0.369,0.513,0.779,105.6
New York Knicks,2017-2018,0.464,0.352,0.504,0.787,104.5
Utah Jazz*,2017-2018,0.462,0.366,0.515,0.779,104.1
Boston Celtics*,2017-2018,0.45,0.377,0.491,0.771,104
Phoenix Suns,2017-2018,0.442,0.334,0.492,0.741,103.9
Detroit Pistons,2017-2018,0.45,0.373,0.488,0.745,103.8
Miami Heat*,2017-2018,0.455,0.36,0.508,0.755,103.4
Orlando Magic,2017-2018,0.452,0.351,0.504,0.757,103.4
Atlanta Hawks,2017-2018,0.446,0.36,0.495,0.785,103.4
Chicago Bulls,2017-2018,0.435,0.355,0.478,0.759,102.9
San Antonio Spurs*,2017-2018,0.457,0.352,0.499,0.772,102.7
Dallas Mavericks,2017-2018,0.444,0.36,0.496,0.763,102.3
Memphis Grizzlies,2017-2018,0.444,0.352,0.486,0.786,99.3
Sacramento Kings,2017-2018,0.45,0.375,0.479,0.735,98.8
League Average,2017-2018,0.46,0.362,0.51,0.767,106.3
Golden State Warriors*,2016-2017,0.495,0.383,0.557,0.788,115.9
Houston Rockets*,2016-2017,0.462,0.357,0.552,0.766,115.3
Denver Nuggets,2016-2017,0.469,0.368,0.519,0.774,111.7
Cleveland Cavaliers*,2016-2017,0.47,0.384,0.528,0.748,110.3
Washington Wizards*,2016-2017,0.475,0.372,0.515,0.784,109.2
Los Angeles Clippers*,2016-2017,0.475,0.375,0.525,0.745,108.7
Boston Celtics*,2016-2017,0.454,0.359,0.515,0.807,108
Portland Trail Blazers*,2016-2017,0.459,0.375,0.499,0.78,107.9
Phoenix Suns,2016-2017,0.45,0.332,0.491,0.776,107.7
Toronto Raptors*,2016-2017,0.464,0.363,0.505,0.796,106.9
Oklahoma City Thunder*,2016-2017,0.452,0.327,0.504,0.745,106.6
Brooklyn Nets,2016-2017,0.444,0.338,0.506,0.788,105.8
Minnesota Timberwolves,2016-2017,0.467,0.349,0.507,0.799,105.6
San Antonio Spurs*,2016-2017,0.469,0.391,0.5,0.797,105.3
Indiana Pacers*,2016-2017,0.465,0.376,0.498,0.81,105.1
Charlotte Hornets,2016-2017,0.442,0.351,0.488,0.815,104.9
Los Angeles Lakers,2016-2017,0.45,0.346,0.493,0.754,104.6
New Orleans Pelicans,2016-2017,0.45,0.35,0.495,0.75,104.3
New York Knicks,2016-2017,0.447,0.348,0.485,0.788,104.3
Milwaukee Bucks*,2016-2017,0.474,0.37,0.516,0.768,103.6
Miami Heat,2016-2017,0.455,0.365,0.496,0.706,103.2
Atlanta Hawks*,2016-2017,0.451,0.341,0.501,0.728,103.2
Chicago Bulls*,2016-2017,0.444,0.34,0.479,0.798,102.9
Sacramento Kings,2016-2017,0.461,0.376,0.496,0.775,102.8
Philadelphia 76ers,2016-2017,0.442,0.34,0.496,0.771,102.4
Detroit Pistons,2016-2017,0.449,0.33,0.492,0.719,101.3
Orlando Magic,2016-2017,0.44,0.328,0.488,0.747,101.1
Utah Jazz*,2016-2017,0.466,0.372,0.511,0.747,100.7
Memphis Grizzlies*,2016-2017,0.435,0.354,0.473,0.784,100.5
Dallas Mavericks,2016-2017,0.44,0.355,0.489,0.801,97.9
League Average,2016-2017,0.457,0.358,0.503,0.772,105.6
Golden State Warriors*,2015-2016,0.487,0.416,0.528,0.763,114.9
Oklahoma City Thunder*,2015-2016,0.476,0.349,0.524,0.782,110.2
Sacramento Kings,2015-2016,0.464,0.359,0.5,0.725,106.6
Houston Rockets*,2015-2016,0.452,0.347,0.514,0.694,106.5
Boston Celtics*,2015-2016,0.439,0.335,0.483,0.788,105.7
Portland Trail Blazers*,2015-2016,0.45,0.37,0.49,0.754,105.1
Los Angeles Clippers*,2015-2016,0.465,0.364,0.513,0.692,104.5
Cleveland Cavaliers*,2015-2016,0.46,0.362,0.514,0.748,104.3
Washington Wizards,2015-2016,0.46,0.358,0.501,0.73,104.1
San Antonio Spurs*,2015-2016,0.484,0.375,0.515,0.803,103.5
Charlotte Hornets*,2015-2016,0.439,0.362,0.479,0.79,103.4
Atlanta Hawks*,2015-2016,0.458,0.35,0.512,0.783,102.8
New Orleans Pelicans,2015-2016,0.448,0.36,0.482,0.776,102.7
Toronto Raptors*,2015-2016,0.451,0.37,0.483,0.777,102.7
Minnesota Timberwolves,2015-2016,0.464,0.338,0.496,0.792,102.4
Dallas Mavericks*,2015-2016,0.444,0.344,0.495,0.794,102.3
Indiana Pacers*,2015-2016,0.45,0.351,0.486,0.764,102.2
Orlando Magic,2015-2016,0.455,0.35,0.492,0.757,102.1
Detroit Pistons*,2015-2016,0.439,0.345,0.48,0.668,102
Denver Nuggets,2015-2016,0.442,0.338,0.482,0.766,101.9
Chicago Bulls,2015-2016,0.441,0.371,0.464,0.787,101.6
Phoenix Suns,2015-2016,0.435,0.348,0.472,0.751,100.9
Miami Heat*,2015-2016,0.47,0.336,0.508,0.744,100
Memphis Grizzlies*,2015-2016,0.44,0.331,0.471,0.783,99.1
Milwaukee Bucks,2015-2016,0.467,0.345,0.495,0.747,99
Brooklyn Nets,2015-2016,0.453,0.352,0.481,0.757,98.6
New York Knicks,2015-2016,0.439,0.346,0.471,0.805,98.4
Utah Jazz,2015-2016,0.449,0.355,0.488,0.744,97.7
Philadelphia 76ers,2015-2016,0.431,0.339,0.476,0.694,97.4
Los Angeles Lakers,2015-2016,0.414,0.317,0.454,0.781,97.3
League Average,2015-2016,0.452,0.354,0.491,0.757,102.7
Golden State Warriors*,2014-2015,0.478,0.398,0.514,0.768,110
Los Angeles Clippers*,2014-2015,0.473,0.376,0.519,0.71,106.7
Dallas Mavericks*,2014-2015,0.463,0.352,0.509,0.752,105.2
Toronto Raptors*,2014-2015,0.455,0.352,0.499,0.787,104
Oklahoma City Thunder,2014-2015,0.447,0.339,0.486,0.754,104
Houston Rockets*,2014-2015,0.444,0.348,0.506,0.715,103.9
San Antonio Spurs*,2014-2015,0.468,0.367,0.505,0.78,103.2
Cleveland Cavaliers*,2014-2015,0.458,0.367,0.504,0.751,103.1
Portland Trail Blazers*,2014-2015,0.45,0.362,0.491,0.801,102.8
Atlanta Hawks*,2014-2015,0.466,0.38,0.506,0.778,102.5
Phoenix Suns,2014-2015,0.452,0.341,0.497,0.76,102.4
Denver Nuggets,2014-2015,0.433,0.325,0.476,0.734,101.5
Boston Celtics*,2014-2015,0.443,0.327,0.488,0.754,101.4
Sacramento Kings,2014-2015,0.455,0.341,0.484,0.762,101.3
Chicago Bulls*,2014-2015,0.442,0.353,0.474,0.783,100.8
New Orleans Pelicans*,2014-2015,0.457,0.37,0.484,0.751,99.4
Washington Wizards*,2014-2015,0.462,0.36,0.488,0.742,98.5
Detroit Pistons,2014-2015,0.432,0.344,0.468,0.703,98.5
Los Angeles Lakers,2014-2015,0.435,0.344,0.461,0.741,98.5
Memphis Grizzlies*,2014-2015,0.458,0.339,0.485,0.773,98.3
Brooklyn Nets*,2014-2015,0.451,0.331,0.489,0.748,98
Milwaukee Bucks*,2014-2015,0.459,0.363,0.486,0.757,97.8
Minnesota Timberwolves,2014-2015,0.438,0.332,0.461,0.776,97.8
Indiana Pacers,2014-2015,0.439,0.352,0.469,0.756,97.3
Orlando Magic,2014-2015,0.453,0.347,0.486,0.729,95.7
Utah Jazz,2014-2015,0.447,0.343,0.486,0.721,95.1
Miami Heat,2014-2015,0.456,0.335,0.499,0.741,94.7
Charlotte Hornets,2014-2015,0.42,0.318,0.45,0.748,94.2
Philadelphia 76ers,2014-2015,0.408,0.32,0.449,0.676,92
New York Knicks,2014-2015,0.428,0.347,0.454,0.769,91.9
League Average,2014-2015,0.449,0.35,0.485,0.75,100
Los Angeles Clippers*,2013-2014,0.474,0.352,0.525,0.73,107.9
Houston Rockets*,2013-2014,0.472,0.358,0.529,0.712,107.7
Minnesota Timberwolves,2013-2014,0.444,0.341,0.478,0.778,106.9
Portland Trail Blazers*,2013-2014,0.45,0.372,0.481,0.815,106.7
Oklahoma City Thunder*,2013-2014,0.471,0.361,0.512,0.806,106.2
San Antonio Spurs*,2013-2014,0.486,0.397,0.517,0.785,105.4
Phoenix Suns,2013-2014,0.463,0.372,0.503,0.758,105.2
Dallas Mavericks*,2013-2014,0.474,0.384,0.508,0.795,104.8
Denver Nuggets,2013-2014,0.447,0.358,0.481,0.726,104.4
Golden State Warriors*,2013-2014,0.462,0.38,0.496,0.753,104.3
Los Angeles Lakers,2013-2014,0.45,0.381,0.478,0.757,103
Miami Heat*,2013-2014,0.501,0.364,0.558,0.76,102.2
Toronto Raptors*,2013-2014,0.445,0.372,0.475,0.782,101.3
Detroit Pistons,2013-2014,0.447,0.321,0.483,0.67,101
Atlanta Hawks*,2013-2014,0.458,0.363,0.502,0.781,101
Washington Wizards*,2013-2014,0.459,0.38,0.485,0.731,100.7
Sacramento Kings,2013-2014,0.447,0.333,0.479,0.759,100.5
New Orleans Pelicans,2013-2014,0.459,0.373,0.479,0.769,99.7
Philadelphia 76ers,2013-2014,0.435,0.312,0.477,0.71,99.5
New York Knicks,2013-2014,0.449,0.372,0.482,0.761,98.6
Brooklyn Nets*,2013-2014,0.459,0.369,0.497,0.753,98.5
Cleveland Cavaliers,2013-2014,0.437,0.356,0.461,0.751,98.2
Charlotte Bobcats*,2013-2014,0.442,0.351,0.468,0.737,96.9
Indiana Pacers*,2013-2014,0.449,0.357,0.477,0.779,96.7
Orlando Magic,2013-2014,0.445,0.353,0.474,0.763,96.5
Boston Celtics,2013-2014,0.435,0.333,0.47,0.777,96.2
Memphis Grizzlies*,2013-2014,0.464,0.353,0.487,0.741,96.1
Milwaukee Bucks,2013-2014,0.438,0.353,0.464,0.747,95.5
Utah Jazz,2013-2014,0.444,0.344,0.474,0.747,95
Chicago Bulls*,2013-2014,0.432,0.348,0.456,0.779,93.7
League Average,2013-2014,0.454,0.36,0.488,0.756,101
Denver Nuggets*,2012-2013,0.478,0.343,0.516,0.701,106.1
Houston Rockets*,2012-2013,0.461,0.366,0.511,0.754,106
Oklahoma City Thunder*,2012-2013,0.481,0.377,0.514,0.828,105.7
San Antonio Spurs*,2012-2013,0.481,0.376,0.519,0.791,103
Miami Heat*,2012-2013,0.496,0.396,0.536,0.754,102.9
Los Angeles Lakers*,2012-2013,0.458,0.355,0.503,0.692,102.2
Golden State Warriors*,2012-2013,0.458,0.403,0.475,0.79,101.2
Dallas Mavericks,2012-2013,0.462,0.372,0.489,0.793,101.1
Los Angeles Clippers*,2012-2013,0.478,0.358,0.522,0.711,101.1
Sacramento Kings,2012-2013,0.447,0.363,0.474,0.769,100.2
New York Knicks*,2012-2013,0.448,0.376,0.487,0.759,100
Milwaukee Bucks*,2012-2013,0.435,0.36,0.457,0.736,98.9
Utah Jazz,2012-2013,0.454,0.366,0.477,0.764,98
Atlanta Hawks*,2012-2013,0.464,0.371,0.501,0.715,98
Portland Trail Blazers,2012-2013,0.448,0.353,0.486,0.776,97.5
Toronto Raptors,2012-2013,0.446,0.343,0.48,0.788,97.2
Brooklyn Nets*,2012-2013,0.45,0.357,0.484,0.731,96.9
Cleveland Cavaliers,2012-2013,0.434,0.346,0.46,0.756,96.5
Minnesota Timberwolves,2012-2013,0.439,0.305,0.477,0.742,95.7
Boston Celtics*,2012-2013,0.465,0.358,0.494,0.776,96.5
Phoenix Suns,2012-2013,0.443,0.33,0.473,0.744,95.2
Detroit Pistons,2012-2013,0.449,0.356,0.474,0.699,94.9
Orlando Magic,2012-2013,0.448,0.329,0.482,0.755,94.1
New Orleans Hornets,2012-2013,0.448,0.363,0.473,0.776,94.1
Indiana Pacers*,2012-2013,0.436,0.347,0.465,0.746,94.7
Charlotte Bobcats,2012-2013,0.425,0.335,0.448,0.75,93.4
Memphis Grizzlies*,2012-2013,0.444,0.345,0.463,0.773,93.4
Washington Wizards,2012-2013,0.435,0.365,0.455,0.733,93.2
Chicago Bulls*,2012-2013,0.437,0.353,0.456,0.773,93.2
Philadelphia 76ers,2012-2013,0.444,0.36,0.466,0.729,93.2
League Average,2012-2013,0.453,0.359,0.483,0.753,98.1
Denver Nuggets*,2011-2012,0.476,0.332,0.522,0.735,104.1
San Antonio Spurs*,2011-2012,0.478,0.393,0.507,0.748,103.7
Oklahoma City Thunder*,2011-2012,0.471,0.358,0.509,0.806,103.1
Utah Jazz*,2011-2012,0.456,0.323,0.48,0.754,99.7
Milwaukee Bucks,2011-2012,0.443,0.345,0.471,0.774,99
Sacramento Kings,2011-2012,0.436,0.316,0.471,0.736,98.8
Miami Heat*,2011-2012,0.469,0.359,0.496,0.775,98.5
Phoenix Suns,2011-2012,0.458,0.343,0.494,0.757,98.4
Houston Rockets,2011-2012,0.449,0.359,0.477,0.782,98.1
Minnesota Timberwolves,2011-2012,0.433,0.332,0.469,0.771,97.9
New York Knicks*,2011-2012,0.443,0.336,0.487,0.741,97.8
Golden State Warriors,2011-2012,0.457,0.388,0.48,0.77,97.8
Indiana Pacers*,2011-2012,0.438,0.368,0.455,0.782,97.7
Los Angeles Clippers*,2011-2012,0.455,0.357,0.49,0.68,97.5
Los Angeles Lakers*,2011-2012,0.457,0.326,0.491,0.756,97.3
Portland Trail Blazers,2011-2012,0.443,0.346,0.477,0.796,97.2
Atlanta Hawks*,2011-2012,0.454,0.37,0.482,0.74,96.6
Chicago Bulls*,2011-2012,0.452,0.375,0.471,0.722,96.3
Dallas Mavericks*,2011-2012,0.443,0.339,0.482,0.771,95.8
Memphis Grizzlies*,2011-2012,0.447,0.326,0.47,0.759,95
Orlando Magic*,2011-2012,0.441,0.375,0.475,0.66,94.2
Washington Wizards,2011-2012,0.441,0.32,0.47,0.727,93.6
Philadelphia 76ers*,2011-2012,0.448,0.362,0.466,0.742,93.6
New Jersey Nets,2011-2012,0.425,0.342,0.457,0.777,93.1
Cleveland Cavaliers,2011-2012,0.422,0.346,0.446,0.716,93
Boston Celtics*,2011-2012,0.46,0.367,0.483,0.778,91.8
Detroit Pistons,2011-2012,0.438,0.346,0.457,0.752,90.9
Toronto Raptors,2011-2012,0.44,0.34,0.467,0.77,90.7
New Orleans Hornets,2011-2012,0.451,0.333,0.472,0.757,89.6
Charlotte Bobcats,2011-2012,0.414,0.295,0.439,0.746,87
League Average,2011-2012,0.448,0.349,0.477,0.752,96.3
Denver Nuggets*,2010-2011,0.476,0.388,0.506,0.765,107.5
New York Knicks*,2010-2011,0.457,0.368,0.496,0.809,106.5
Houston Rockets,2010-2011,0.454,0.367,0.486,0.801,105.9
Phoenix Suns,2010-2011,0.47,0.377,0.505,0.759,105
Oklahoma City Thunder*,2010-2011,0.464,0.347,0.495,0.823,104.8
San Antonio Spurs*,2010-2011,0.475,0.397,0.503,0.767,103.7
Golden State Warriors,2010-2011,0.461,0.392,0.484,0.761,103.4
Miami Heat*,2010-2011,0.481,0.37,0.515,0.769,102.1
Los Angeles Lakers*,2010-2011,0.463,0.352,0.494,0.779,101.5
Minnesota Timberwolves,2010-2011,0.441,0.376,0.459,0.768,101.1
Dallas Mavericks*,2010-2011,0.475,0.365,0.516,0.777,100.2
Memphis Grizzlies*,2010-2011,0.471,0.334,0.492,0.75,99.9
Indiana Pacers*,2010-2011,0.442,0.354,0.471,0.782,99.8
Utah Jazz,2010-2011,0.465,0.346,0.493,0.771,99.4
Sacramento Kings,2010-2011,0.449,0.335,0.475,0.734,99.4
Orlando Magic*,2010-2011,0.461,0.366,0.507,0.692,99.2
Toronto Raptors,2010-2011,0.465,0.316,0.494,0.755,99.1
Philadelphia 76ers*,2010-2011,0.461,0.355,0.485,0.77,99
Los Angeles Clippers,2010-2011,0.457,0.338,0.493,0.707,98.6
Chicago Bulls*,2010-2011,0.462,0.361,0.489,0.743,98.6
Washington Wizards,2010-2011,0.443,0.332,0.465,0.745,97.3
Detroit Pistons,2010-2011,0.46,0.376,0.479,0.737,97
Boston Celtics*,2010-2011,0.486,0.365,0.513,0.77,96.5
Portland Trail Blazers*,2010-2011,0.447,0.345,0.477,0.804,96.3
Cleveland Cavaliers,2010-2011,0.434,0.342,0.461,0.745,95.5
Atlanta Hawks*,2010-2011,0.462,0.352,0.494,0.779,95
New Orleans Hornets*,2010-2011,0.459,0.36,0.482,0.765,94.9
New Jersey Nets,2010-2011,0.44,0.343,0.464,0.759,94.2
Charlotte Bobcats,2010-2011,0.451,0.327,0.48,0.756,93.3
Milwaukee Bucks,2010-2011,0.43,0.342,0.454,0.757,91.9
League Average,2010-2011,0.459,0.358,0.487,0.763,99.6
Phoenix Suns*,2009-2010,0.492,0.412,0.52,0.77,110.2
Golden State Warriors,2009-2010,0.469,0.375,0.499,0.782,108.8
Denver Nuggets*,2009-2010,0.468,0.359,0.5,0.772,106.5
Utah Jazz*,2009-2010,0.491,0.364,0.519,0.741,104.2
Toronto Raptors,2009-2010,0.482,0.371,0.512,0.764,104.1
Orlando Magic*,2009-2010,0.47,0.375,0.521,0.724,102.8
Memphis Grizzlies,2009-2010,0.469,0.337,0.492,0.733,102.5
Houston Rockets,2009-2010,0.447,0.351,0.481,0.772,102.4
New York Knicks,2009-2010,0.455,0.346,0.504,0.782,102.1
Cleveland Cavaliers*,2009-2010,0.485,0.381,0.52,0.72,102.1
Dallas Mavericks*,2009-2010,0.464,0.372,0.491,0.816,102
Los Angeles Lakers*,2009-2010,0.457,0.341,0.492,0.765,101.7
Atlanta Hawks*,2009-2010,0.468,0.36,0.497,0.759,101.7
Oklahoma City Thunder*,2009-2010,0.462,0.34,0.49,0.805,101.5
San Antonio Spurs*,2009-2010,0.473,0.358,0.508,0.74,101.4
Indiana Pacers,2009-2010,0.443,0.348,0.479,0.775,100.8
New Orleans Hornets,2009-2010,0.464,0.363,0.495,0.778,100.2
Sacramento Kings,2009-2010,0.456,0.349,0.483,0.726,100
Boston Celtics*,2009-2010,0.483,0.348,0.523,0.746,99.2
Minnesota Timberwolves,2009-2010,0.449,0.341,0.471,0.746,98.2
Portland Trail Blazers*,2009-2010,0.461,0.354,0.49,0.79,98.1
Philadelphia 76ers,2009-2010,0.46,0.343,0.491,0.756,97.7
Milwaukee Bucks*,2009-2010,0.436,0.356,0.464,0.755,97.7
Chicago Bulls*,2009-2010,0.451,0.33,0.474,0.754,97.5
Miami Heat*,2009-2010,0.458,0.346,0.489,0.752,96.5
Washington Wizards,2009-2010,0.449,0.353,0.471,0.762,96.2
Los Angeles Clippers,2009-2010,0.455,0.332,0.49,0.73,95.7
Charlotte Bobcats*,2009-2010,0.453,0.346,0.482,0.751,95.3
Detroit Pistons,2009-2010,0.445,0.314,0.474,0.728,94
New Jersey Nets,2009-2010,0.429,0.318,0.454,0.78,92.4
League Average,2009-2010,0.461,0.355,0.492,0.759,100.4
Phoenix Suns,2008-2009,0.504,0.383,0.537,0.744,109.4
Golden State Warriors,2008-2009,0.458,0.373,0.48,0.791,108.6
Los Angeles Lakers*,2008-2009,0.474,0.361,0.505,0.77,106.9
New York Knicks,2008-2009,0.445,0.36,0.486,0.784,105.2
Indiana Pacers,2008-2009,0.455,0.378,0.48,0.807,105.1
Denver Nuggets*,2008-2009,0.47,0.371,0.499,0.76,104.3
Utah Jazz*,2008-2009,0.475,0.349,0.5,0.771,103.6
Chicago Bulls*,2008-2009,0.457,0.381,0.474,0.796,102.2
Dallas Mavericks*,2008-2009,0.462,0.35,0.498,0.819,101.7
Orlando Magic*,2008-2009,0.457,0.381,0.495,0.715,101
Boston Celtics*,2008-2009,0.486,0.397,0.51,0.765,100.9
Sacramento Kings,2008-2009,0.447,0.368,0.472,0.798,100.6
Cleveland Cavaliers*,2008-2009,0.468,0.393,0.495,0.757,100.3
Portland Trail Blazers*,2008-2009,0.465,0.383,0.49,0.765,99.4
Milwaukee Bucks,2008-2009,0.445,0.363,0.467,0.78,99.3
Toronto Raptors,2008-2009,0.458,0.372,0.478,0.824,99
Houston Rockets*,2008-2009,0.453,0.375,0.48,0.805,98.4
Miami Heat*,2008-2009,0.457,0.357,0.489,0.754,98.3
Atlanta Hawks*,2008-2009,0.458,0.366,0.49,0.737,98.1
New Jersey Nets,2008-2009,0.448,0.376,0.473,0.779,98.1
Minnesota Timberwolves,2008-2009,0.441,0.353,0.467,0.769,97.8
Philadelphia 76ers*,2008-2009,0.459,0.318,0.486,0.745,97.4
San Antonio Spurs*,2008-2009,0.466,0.386,0.492,0.761,97
Oklahoma City Thunder,2008-2009,0.447,0.346,0.463,0.786,97
Washington Wizards,2008-2009,0.45,0.33,0.476,0.767,96.1
New Orleans Hornets*,2008-2009,0.457,0.364,0.487,0.807,95.8
Los Angeles Clippers,2008-2009,0.441,0.354,0.467,0.736,95.1
Detroit Pistons*,2008-2009,0.454,0.349,0.475,0.751,94.2
Memphis Grizzlies,2008-2009,0.454,0.36,0.474,0.756,93.9
Charlotte Bobcats,2008-2009,0.455,0.366,0.479,0.74,93.6
League Average,2008-2009,0.459,0.367,0.485,0.771,100
Golden State Warriors,2007-2008,0.459,0.348,0.506,0.752,111
Denver Nuggets*,2007-2008,0.47,0.355,0.504,0.751,110.7
Phoenix Suns*,2007-2008,0.5,0.393,0.538,0.783,110.1
Los Angeles Lakers*,2007-2008,0.476,0.378,0.51,0.769,108.6
Utah Jazz*,2007-2008,0.497,0.372,0.522,0.759,106.2
Orlando Magic*,2007-2008,0.474,0.386,0.516,0.721,104.5
Indiana Pacers,2007-2008,0.444,0.374,0.472,0.768,104
Sacramento Kings,2007-2008,0.464,0.373,0.488,0.798,102.5
New Orleans Hornets*,2007-2008,0.466,0.389,0.49,0.769,100.9
Memphis Grizzlies,2007-2008,0.454,0.349,0.492,0.723,100.7
Boston Celtics*,2007-2008,0.475,0.381,0.506,0.771,100.5
Dallas Mavericks*,2007-2008,0.464,0.352,0.495,0.814,100.4
Toronto Raptors*,2007-2008,0.468,0.392,0.489,0.812,100.2
Washington Wizards*,2007-2008,0.446,0.356,0.475,0.782,98.8
Atlanta Hawks*,2007-2008,0.454,0.356,0.473,0.772,98.2
Seattle SuperSonics,2007-2008,0.444,0.333,0.462,0.77,97.5
Detroit Pistons*,2007-2008,0.458,0.366,0.481,0.767,97.5
Chicago Bulls,2007-2008,0.435,0.363,0.452,0.756,97.3
Charlotte Bobcats,2007-2008,0.452,0.367,0.476,0.714,97.1
Milwaukee Bucks,2007-2008,0.449,0.344,0.474,0.733,97
New York Knicks,2007-2008,0.439,0.337,0.467,0.727,96.9
Houston Rockets*,2007-2008,0.448,0.342,0.485,0.726,96.7
Philadelphia 76ers*,2007-2008,0.46,0.317,0.483,0.706,96.6
Cleveland Cavaliers*,2007-2008,0.439,0.358,0.463,0.717,96.4
New Jersey Nets,2007-2008,0.443,0.348,0.47,0.736,95.8
Minnesota Timberwolves,2007-2008,0.451,0.35,0.474,0.736,95.6
Portland Trail Blazers,2007-2008,0.448,0.377,0.468,0.767,95.4
San Antonio Spurs*,2007-2008,0.457,0.369,0.487,0.761,95.4
Los Angeles Clippers,2007-2008,0.438,0.324,0.46,0.781,93.8
Miami Heat,2007-2008,0.443,0.358,0.467,0.727,91.4
League Average,2007-2008,0.457,0.362,0.484,0.755,99.9
Phoenix Suns*,2006-2007,0.494,0.399,0.532,0.808,110.2
Golden State Warriors*,2006-2007,0.463,0.356,0.504,0.717,106.5
Denver Nuggets*,2006-2007,0.465,0.336,0.5,0.746,105.4
Washington Wizards*,2006-2007,0.45,0.348,0.482,0.765,104.3
Los Angeles Lakers*,2006-2007,0.466,0.353,0.505,0.747,103.3
Memphis Grizzlies,2006-2007,0.465,0.367,0.491,0.761,101.6
Utah Jazz*,2006-2007,0.474,0.335,0.501,0.743,101.5
Sacramento Kings,2006-2007,0.45,0.35,0.48,0.765,101.3
Dallas Mavericks*,2006-2007,0.467,0.381,0.491,0.805,100
Milwaukee Bucks,2006-2007,0.465,0.356,0.495,0.733,99.7
Toronto Raptors*,2006-2007,0.463,0.363,0.492,0.788,99.5
Seattle SuperSonics,2006-2007,0.46,0.362,0.487,0.791,99.1
Chicago Bulls*,2006-2007,0.457,0.388,0.473,0.734,98.8
San Antonio Spurs*,2006-2007,0.474,0.381,0.504,0.751,98.5
New Jersey Nets*,2006-2007,0.457,0.363,0.49,0.727,97.6
New York Knicks,2006-2007,0.457,0.346,0.487,0.715,97.5
Houston Rockets*,2006-2007,0.445,0.372,0.475,0.753,97
Charlotte Bobcats,2006-2007,0.446,0.357,0.467,0.734,96.9
Cleveland Cavaliers*,2006-2007,0.447,0.352,0.473,0.696,96.8
Minnesota Timberwolves,2006-2007,0.461,0.353,0.483,0.792,96.1
Detroit Pistons*,2006-2007,0.454,0.344,0.481,0.774,96
Boston Celtics,2006-2007,0.443,0.367,0.462,0.767,95.8
Los Angeles Clippers,2006-2007,0.456,0.348,0.474,0.788,95.6
Indiana Pacers,2006-2007,0.438,0.346,0.462,0.76,95.6
New Orleans/Oklahoma City Hornets,2006-2007,0.445,0.362,0.464,0.74,95.5
Philadelphia 76ers,2006-2007,0.458,0.345,0.474,0.767,94.9
Orlando Magic*,2006-2007,0.472,0.356,0.494,0.702,94.8
Miami Heat*,2006-2007,0.464,0.343,0.503,0.69,94.6
Portland Trail Blazers,2006-2007,0.45,0.346,0.474,0.769,94.1
Atlanta Hawks,2006-2007,0.444,0.329,0.467,0.761,93.7
League Average,2006-2007,0.458,0.358,0.485,0.752,98.7
Phoenix Suns*,2005-2006,0.479,0.399,0.511,0.806,108.4
Seattle SuperSonics,2005-2006,0.459,0.371,0.487,0.785,102.6
Washington Wizards*,2005-2006,0.447,0.357,0.471,0.757,101.7
Toronto Raptors,2005-2006,0.454,0.375,0.479,0.791,101.1
Denver Nuggets*,2005-2006,0.461,0.325,0.487,0.744,100.3
Miami Heat*,2005-2006,0.478,0.345,0.517,0.7,99.9
Los Angeles Lakers*,2005-2006,0.453,0.349,0.486,0.745,99.4
Philadelphia 76ers,2005-2006,0.458,0.364,0.476,0.76,99.4
Dallas Mavericks*,2005-2006,0.462,0.374,0.481,0.783,99.1
Sacramento Kings*,2005-2006,0.454,0.351,0.483,0.784,98.9
Golden State Warriors,2005-2006,0.433,0.341,0.467,0.718,98.5
Boston Celtics,2005-2006,0.467,0.362,0.494,0.755,98
Milwaukee Bucks*,2005-2006,0.453,0.38,0.472,0.738,97.8
Chicago Bulls*,2005-2006,0.446,0.379,0.465,0.738,97.8
Cleveland Cavaliers*,2005-2006,0.454,0.339,0.487,0.729,97.6
Atlanta Hawks,2005-2006,0.454,0.367,0.472,0.75,97.2
Los Angeles Clippers*,2005-2006,0.465,0.344,0.483,0.791,97.2
Charlotte Bobcats,2005-2006,0.433,0.339,0.454,0.729,96.9
Detroit Pistons*,2005-2006,0.455,0.384,0.475,0.727,96.8
New York Knicks,2005-2006,0.455,0.362,0.47,0.726,95.6
San Antonio Spurs*,2005-2006,0.472,0.385,0.496,0.702,95.6
Orlando Magic,2005-2006,0.472,0.376,0.486,0.73,94.9
Indiana Pacers*,2005-2006,0.444,0.349,0.475,0.737,93.9
New Jersey Nets*,2005-2006,0.44,0.33,0.472,0.758,93.8
New Orleans/Oklahoma City Hornets,2005-2006,0.44,0.339,0.457,0.758,92.8
Utah Jazz,2005-2006,0.442,0.336,0.461,0.719,92.4
Memphis Grizzlies*,2005-2006,0.448,0.374,0.474,0.711,92.2
Minnesota Timberwolves,2005-2006,0.456,0.329,0.478,0.758,91.7
Houston Rockets,2005-2006,0.433,0.332,0.463,0.759,90.1
Portland Trail Blazers,2005-2006,0.445,0.349,0.464,0.689,88.8
League Average,2005-2006,0.454,0.358,0.478,0.745,97
Phoenix Suns*,2004-2005,0.477,0.393,0.512,0.748,110.4
Sacramento Kings*,2004-2005,0.459,0.374,0.48,0.787,103.7
Dallas Mavericks*,2004-2005,0.457,0.364,0.479,0.789,102.5
Miami Heat*,2004-2005,0.486,0.377,0.513,0.672,101.5
Boston Celtics*,2004-2005,0.468,0.349,0.496,0.764,101.3
Washington Wizards*,2004-2005,0.437,0.343,0.463,0.725,100.5
Toronto Raptors,2004-2005,0.444,0.385,0.463,0.774,99.7
Denver Nuggets*,2004-2005,0.459,0.34,0.479,0.763,99.5
Orlando Magic,2004-2005,0.454,0.349,0.471,0.759,99.5
Philadelphia 76ers*,2004-2005,0.437,0.348,0.462,0.789,99.1
Seattle SuperSonics*,2004-2005,0.444,0.365,0.474,0.79,98.9
Los Angeles Lakers,2004-2005,0.437,0.355,0.467,0.777,98.7
Golden State Warriors,2004-2005,0.43,0.352,0.457,0.722,98.7
New York Knicks,2004-2005,0.451,0.356,0.473,0.767,97.3
Milwaukee Bucks,2004-2005,0.45,0.351,0.467,0.772,97.2
Minnesota Timberwolves,2004-2005,0.459,0.345,0.483,0.796,96.8
Cleveland Cavaliers,2004-2005,0.447,0.332,0.465,0.752,96.5
San Antonio Spurs*,2004-2005,0.453,0.363,0.478,0.724,96.2
Los Angeles Clippers,2004-2005,0.459,0.345,0.473,0.778,95.7
Houston Rockets*,2004-2005,0.443,0.364,0.468,0.781,95.1
Chicago Bulls*,2004-2005,0.432,0.357,0.453,0.75,94.5
Charlotte Bobcats,2004-2005,0.432,0.363,0.442,0.709,94.3
Memphis Grizzlies*,2004-2005,0.447,0.357,0.475,0.754,93.4
Detroit Pistons*,2004-2005,0.444,0.345,0.463,0.739,93.3
Indiana Pacers*,2004-2005,0.432,0.344,0.463,0.792,93
Utah Jazz,2004-2005,0.449,0.328,0.465,0.757,93
Portland Trail Blazers,2004-2005,0.451,0.362,0.471,0.725,92.9
Atlanta Hawks,2004-2005,0.441,0.312,0.463,0.711,92.7
New Jersey Nets*,2004-2005,0.429,0.362,0.444,0.763,91.4
New Orleans Hornets,2004-2005,0.415,0.315,0.44,0.766,88.4
League Average,2004-2005,0.447,0.356,0.47,0.756,97.2
Dallas Mavericks*,2003-2004,0.459,0.348,0.488,0.796,105.2
Sacramento Kings*,2003-2004,0.462,0.401,0.48,0.795,102.8
Los Angeles Lakers*,2003-2004,0.454,0.327,0.479,0.693,98.2
Milwaukee Bucks*,2003-2004,0.447,0.35,0.467,0.775,98
Denver Nuggets*,2003-2004,0.443,0.336,0.461,0.767,97.2
Seattle SuperSonics,2003-2004,0.446,0.373,0.476,0.765,97.1
Memphis Grizzlies*,2003-2004,0.445,0.34,0.471,0.727,96.7
Boston Celtics*,2003-2004,0.443,0.346,0.475,0.75,95.3
Los Angeles Clippers,2003-2004,0.428,0.321,0.448,0.785,94.8
Minnesota Timberwolves*,2003-2004,0.462,0.363,0.477,0.781,94.5
Phoenix Suns,2003-2004,0.443,0.345,0.465,0.746,94.2
Orlando Magic,2003-2004,0.429,0.344,0.448,0.737,94
Golden State Warriors,2003-2004,0.442,0.334,0.468,0.725,93.3
Cleveland Cavaliers,2003-2004,0.433,0.314,0.448,0.753,92.9
Atlanta Hawks,2003-2004,0.433,0.335,0.456,0.776,92.8
New York Knicks*,2003-2004,0.442,0.364,0.459,0.793,92
New Orleans Hornets*,2003-2004,0.42,0.319,0.454,0.751,91.8
Washington Wizards,2003-2004,0.421,0.341,0.44,0.714,91.8
San Antonio Spurs*,2003-2004,0.442,0.358,0.46,0.681,91.5
Indiana Pacers*,2003-2004,0.435,0.351,0.457,0.764,91.4
Portland Trail Blazers,2003-2004,0.448,0.346,0.469,0.731,90.7
Miami Heat*,2003-2004,0.425,0.357,0.443,0.762,90.3
New Jersey Nets*,2003-2004,0.441,0.336,0.464,0.753,90.3
Detroit Pistons*,2003-2004,0.435,0.344,0.452,0.753,90.1
Houston Rockets*,2003-2004,0.442,0.366,0.464,0.773,89.8
Chicago Bulls,2003-2004,0.414,0.342,0.431,0.725,89.7
Utah Jazz,2003-2004,0.436,0.321,0.453,0.746,88.7
Philadelphia 76ers,2003-2004,0.428,0.342,0.445,0.753,88
Toronto Raptors,2003-2004,0.418,0.356,0.434,0.75,85.4
League Average,2003-2004,0.439,0.347,0.46,0.752,93.4
Dallas Mavericks*,2002-2003,0.453,0.381,0.475,0.829,103
Golden State Warriors,2002-2003,0.441,0.344,0.462,0.778,102.4
Sacramento Kings*,2002-2003,0.464,0.381,0.482,0.746,101.7
Los Angeles Lakers*,2002-2003,0.451,0.356,0.475,0.734,100.4
Milwaukee Bucks*,2002-2003,0.457,0.383,0.478,0.776,99.5
Orlando Magic*,2002-2003,0.436,0.357,0.46,0.777,98.5
Minnesota Timberwolves*,2002-2003,0.466,0.368,0.479,0.77,98.1
Memphis Grizzlies,2002-2003,0.452,0.365,0.473,0.739,97.5
Philadelphia 76ers*,2002-2003,0.448,0.311,0.466,0.775,96.8
Indiana Pacers*,2002-2003,0.441,0.339,0.461,0.766,96.8
New York Knicks,2002-2003,0.441,0.383,0.459,0.815,95.9
San Antonio Spurs*,2002-2003,0.462,0.354,0.489,0.725,95.8
Phoenix Suns*,2002-2003,0.443,0.343,0.464,0.742,95.5
New Jersey Nets*,2002-2003,0.441,0.332,0.462,0.757,95.4
Portland Trail Blazers*,2002-2003,0.46,0.33,0.488,0.745,95.2
Chicago Bulls,2002-2003,0.445,0.35,0.462,0.722,95
Utah Jazz*,2002-2003,0.468,0.349,0.481,0.745,94.7
Atlanta Hawks,2002-2003,0.444,0.352,0.464,0.793,94.1
New Orleans Hornets*,2002-2003,0.435,0.376,0.447,0.768,93.9
Los Angeles Clippers,2002-2003,0.437,0.331,0.46,0.75,93.8
Houston Rockets,2002-2003,0.44,0.346,0.462,0.768,93.8
Boston Celtics*,2002-2003,0.415,0.334,0.455,0.742,92.7
Seattle SuperSonics,2002-2003,0.437,0.353,0.458,0.744,92.1
Washington Wizards,2002-2003,0.44,0.312,0.459,0.779,91.5
Cleveland Cavaliers,2002-2003,0.422,0.327,0.437,0.747,91.4
Detroit Pistons*,2002-2003,0.43,0.358,0.452,0.771,91.4
Toronto Raptors,2002-2003,0.427,0.343,0.446,0.718,90.9
Miami Heat,2002-2003,0.412,0.316,0.432,0.765,85.6
Denver Nuggets,2002-2003,0.411,0.278,0.43,0.699,84.2
League Average,2002-2003,0.442,0.349,0.463,0.758,95.1
Dallas Mavericks*,2001-2002,0.462,0.378,0.488,0.806,105.2
Sacramento Kings*,2001-2002,0.467,0.367,0.486,0.751,104.6
Los Angeles Lakers*,2001-2002,0.461,0.354,0.489,0.699,101.3
Orlando Magic*,2001-2002,0.448,0.373,0.471,0.754,100.5
Minnesota Timberwolves*,2001-2002,0.461,0.378,0.476,0.798,99.3
Seattle SuperSonics*,2001-2002,0.469,0.378,0.49,0.755,97.7
Golden State Warriors,2001-2002,0.429,0.322,0.447,0.722,97.7
Milwaukee Bucks,2001-2002,0.462,0.375,0.49,0.748,97.5
Indiana Pacers*,2001-2002,0.446,0.339,0.47,0.772,96.8
San Antonio Spurs*,2001-2002,0.458,0.362,0.48,0.742,96.7
Portland Trail Blazers*,2001-2002,0.45,0.354,0.474,0.763,96.6
Boston Celtics*,2001-2002,0.424,0.359,0.45,0.764,96.4
New Jersey Nets*,2001-2002,0.446,0.338,0.469,0.735,96.2
Utah Jazz*,2001-2002,0.45,0.333,0.468,0.763,96
Los Angeles Clippers,2001-2002,0.445,0.356,0.464,0.739,95.7
Cleveland Cavaliers,2001-2002,0.448,0.377,0.461,0.772,95.3
Phoenix Suns,2001-2002,0.447,0.327,0.469,0.767,95.1
Detroit Pistons*,2001-2002,0.452,0.376,0.475,0.756,94.3
Atlanta Hawks,2001-2002,0.439,0.354,0.458,0.765,94
Charlotte Hornets*,2001-2002,0.44,0.348,0.456,0.745,93.9
Washington Wizards,2001-2002,0.441,0.388,0.448,0.765,92.8
Houston Rockets,2001-2002,0.428,0.335,0.455,0.741,92.3
Denver Nuggets,2001-2002,0.424,0.329,0.446,0.744,92.2
New York Knicks,2001-2002,0.432,0.353,0.453,0.787,91.6
Toronto Raptors*,2001-2002,0.434,0.349,0.451,0.739,91.4
Philadelphia 76ers*,2001-2002,0.436,0.299,0.453,0.779,91
Memphis Grizzlies,2001-2002,0.436,0.307,0.462,0.708,89.9
Chicago Bulls,2001-2002,0.433,0.346,0.447,0.722,89.5
Miami Heat,2001-2002,0.439,0.347,0.454,0.724,87.2
League Average,2001-2002,0.445,0.354,0.465,0.752,95.5
Sacramento Kings*,2000-2001,0.449,0.354,0.472,0.771,101.7
Milwaukee Bucks*,2000-2001,0.458,0.379,0.48,0.787,100.7
Los Angeles Lakers*,2000-2001,0.465,0.344,0.494,0.683,100.6
Dallas Mavericks*,2000-2001,0.459,0.381,0.479,0.794,100.5
Toronto Raptors*,2000-2001,0.437,0.369,0.451,0.747,97.6
Orlando Magic*,2000-2001,0.438,0.364,0.456,0.714,97.5
Minnesota Timberwolves*,2000-2001,0.458,0.357,0.473,0.785,97.3
Seattle SuperSonics,2000-2001,0.456,0.399,0.468,0.732,97.3
Houston Rockets,2000-2001,0.453,0.357,0.48,0.758,97.2
Utah Jazz*,2000-2001,0.471,0.381,0.485,0.752,97.1
Denver Nuggets,2000-2001,0.433,0.355,0.454,0.737,96.6
San Antonio Spurs*,2000-2001,0.461,0.407,0.472,0.715,96.2
Detroit Pistons,2000-2001,0.424,0.35,0.439,0.721,95.6
Portland Trail Blazers*,2000-2001,0.468,0.349,0.492,0.762,95.4
Philadelphia 76ers*,2000-2001,0.447,0.326,0.464,0.745,94.7
Boston Celtics,2000-2001,0.428,0.363,0.45,0.74,94.6
Phoenix Suns*,2000-2001,0.436,0.315,0.458,0.755,94
Washington Wizards,2000-2001,0.439,0.324,0.456,0.759,93.2
Indiana Pacers*,2000-2001,0.44,0.342,0.461,0.766,92.6
Golden State Warriors,2000-2001,0.409,0.293,0.427,0.706,92.5
Los Angeles Clippers,2000-2001,0.448,0.339,0.469,0.693,92.5
Cleveland Cavaliers,2000-2001,0.442,0.334,0.455,0.765,92.2
New Jersey Nets,2000-2001,0.425,0.333,0.443,0.759,92.1
Charlotte Hornets*,2000-2001,0.431,0.346,0.446,0.745,91.9
Vancouver Grizzlies,2000-2001,0.439,0.343,0.455,0.77,91.7
Atlanta Hawks,2000-2001,0.431,0.357,0.443,0.759,91
Miami Heat*,2000-2001,0.43,0.345,0.455,0.759,88.9
New York Knicks*,2000-2001,0.444,0.351,0.465,0.796,88.7
Chicago Bulls,2000-2001,0.424,0.346,0.438,0.739,87.6
League Average,2000-2001,0.443,0.354,0.461,0.748,94.8
